Date,Autoclave_Total_Feed,Autoclave_Level,Autoclave_Vent_Valve_Position,Autoclave_Pressure,Compartment_A_O2_Flow,Compartment_B_O2_Flow,Compartment_C_O2_Flow,Compartment_D_O2_Flow,Agitator_A_Vibration,Agitator_B_Vibration,Agitator_C_Vibration,Agitator_D_Vibration,Agitator_E_Vibration,Agitator_F_Vibration,Agitator_G_Vibration,Agitator_A_Speed,Agitator_B_Speed,Agitator_C_Speed,Agitator_D_Speed,Agitator_A_Power,Agitator_B_Power,Agitator_C_Power,Agitator_D_Power,Agitator_E_Current,Agitator_F_Current,Agitator_G_Current,Agitator_A_Cooling_Water,Agitator_B_Cooling_Water,Agitator_C_Cooling_Water,Agitator_D_Cooling_Water,Agitator_E_Cooling_Water,Agitator_F_Cooling_Water,Agitator_G_Cooling_Water,Agitator_A_Temperature,Agitator_B_temperature,Agitator_C_temperature,Agitator_D_temperature,Agitator_E_temperature,Agitator_F_temperature,Agitator_G_temperature,Autoclave_Compartment_A_Temperature,Autoclave_Compartment_B_temperature,Autoclave_Compartment_C_temperature,Autoclave_Compartment_D_temperature,Autoclave_Compartment_E_temperature,Autoclave_Compartment_F_temperature,Autoclave_Compartment_G_temperature
Units,m3/h,%,°,kpa,m3/h,m3/h,m3/h,m3/h,mils,mils,mils,mils,mils,mils,mils,rpm,rpm,rpm,rpm,kW,kW,kW,kW,kW,kW,kW,m3,m4,m5,m6,m7,m8,m9,C,C,C,C,C,C,C,C,C,C,C,C,C,C
1/26/2017 21:30,248.5252686,66.72413635,28.0560112,3105.237305,14.92726898,17.05909348,0.068721876,10.68846607,0.173489839,0.129295036,0.051684245,0.061760202,0.068918034,0.432656944,0.255102098,82.35921478,92.60314178,84.79225922,85.45532227,191.2843933,172.8594055,178.1104279,176.6769562,87.08428955,121.018074,85.69445801,50.15667343,47.56913757,35.22690201,48.93317413,21.65128899,0.118943602,1.803909183,72.09085846,72.08535004,69.67822266,72.77715302,70.41254425,74.34805298,75.19983673,223.3284912,225.0165253,234.818985,223.8229675,223.8839722,223.8661194,224.3446045
1/26/2017 22:00,248.2800293,66.72454834,28.20783615,3105.98291,14.9064846,17.03304482,0.146972999,10.64648342,0.194940791,0.137730151,0.064189449,0.044643082,0.068778694,0.403677166,0.449159473,81.73468018,92.64076233,84.88328552,84.810112,190.4482727,189.7493896,176.4582214,181.4879761,85.87693787,117.6998215,83.45182037,50.15140915,47.49940491,35.20874786,49.04846573,21.67664146,0.119425789,1.802613974,72.09302521,72.0263443,69.67880249,72.76680756,70.31560516,74.34992218,75.1934967,223.4418182,225.1487427,234.9623566,223.8917694,224.019104,224.0197144,224.5253601
1/26/2017 22:30,248.03479,67.91492462,28.3596611,3106.72876,14.88570118,17.00699615,0.22506988,10.69564915,0.186250895,0.126691625,0.035003524,0.115346529,0.082544357,0.502276242,0.439725846,83.25745392,92.67838287,84.44342041,86.11212921,190.3353119,169.7280426,182.4655762,178.6889191,84.45884705,121.799202,84.72144318,50.14614105,47.36098862,35.19059753,49.16375732,21.70199394,0.119907983,1.801318765,72.09519958,71.96733093,69.67938232,72.7564621,70.21866608,74.35179138,75.18715668,223.55513,225.2809753,235.1057281,223.9605713,224.1542358,224.1733246,224.7061005
1/26/2017 23:00,247.7895508,68.03232574,28.51148605,3107.474365,14.8649168,16.98094749,0.222918585,10.6595335,0.161064014,0.137147158,0.096247546,0.073538437,0.073368475,0.415574819,0.271069825,82.72356415,92.71601105,84.46692657,85.20438385,191.7189026,175.458252,179.3768311,178.0031281,82.75325775,121.3605347,85.29080963,50.14087677,48.36856461,35.17244339,49.27904892,21.72734451,0.120390169,1.800023556,72.09736633,71.9083252,69.67995453,72.74611664,70.12172699,74.35366058,75.18081665,223.6684418,225.413208,235.2490997,224.0293884,224.2893524,224.3269348,224.8868561
1/26/2017 23:30,247.5443115,68.56942749,28.663311,3108.219971,14.84413242,16.95489883,0.220767289,10.64993286,0.226956233,0.170474842,0.046499494,0.097508408,0.05322136,0.463367939,0.339374512,82.79004669,92.75363159,84.53417206,85.47657013,192.6426086,178.7230988,182.2088928,177.9554291,85.79431152,119.6312485,84.25775146,50.13560867,47.42713547,35.15429306,49.3943367,21.68910217,0.120872356,1.798728347,72.09953308,71.84931183,69.68053436,72.73577118,70.0247879,74.35552979,75.17447662,223.7817535,225.5454254,235.3924713,224.0981903,224.4244843,224.4805298,225.0676117
1/27/2017 0:00,247.6781158,69.14751434,28.81513596,3108.96582,14.823349,16.92885017,0.218615994,10.6763525,0.234508753,0.135355785,0.112450011,0.108682692,0.066520058,0.53697145,0.333504707,83.52116394,92.79125214,85.04269409,85.28922272,196.295517,168.835144,176.4337921,182.4781952,85.9894104,120.7385406,85.3842926,50.13034439,47.57762527,35.13613892,49.07955933,21.63659286,0.121354543,1.797433138,72.10170746,71.79030609,69.6811142,72.72542572,69.92784882,74.35739899,75.16812897,223.8950653,225.6776581,235.5358429,224.1669922,224.5596161,224.63414,225.2483673
1/27/2017 0:30,244.1424255,70.15462494,28.96696091,3109.711426,14.80166626,16.90185165,0.020989642,10.53639603,0.196259066,0.185226291,0.066312827,0.130022988,0.106485911,0.468939751,0.283215553,83.20418549,92.82887268,85.05860138,85.47720337,197.946991,171.7662811,179.5953827,184.3803253,88.28796387,119.9924622,82.90441132,50.12508011,47.55257797,35.11062622,48.70069122,21.57093811,0.121836729,1.796138048,72.10387421,71.73129272,69.68169403,72.71507263,69.83090973,74.35926819,75.16178894,224.2906647,225.8098755,235.6792297,224.5136719,224.6947479,224.787735,225.4291229
1/27/2017 1:00,244.4159241,68.4329834,29.11878586,3110.457031,14.73827362,16.83706474,0.058264956,10.5007925,0.203101993,0.155307665,0.078286007,0.11876186,0.103112273,0.473242849,0.349135399,82.85868835,92.86649323,84.30090332,85.4482193,188.9491425,183.8374176,180.7933197,181.8595886,86.03371429,118.4064407,83.69616699,50.11981201,47.8836441,35.05701065,48.3740654,21.46496391,0.122318923,4.958353519,72.10604858,71.67228699,69.68226624,72.70472717,69.73397064,74.36113739,75.15544891,225.12854,225.9421082,235.9430389,225.210968,224.8453369,225.3298645,226.0831146
1/27/2017 1:30,244.6894073,67.51556396,29.2706089,3111.202881,14.67488098,16.77227592,0.09554027,10.54645538,0.158346504,0.174551591,0.077758215,0.120075911,0.114524186,0.443629414,0.445993692,82.93719482,92.90411377,84.47175598,85.32676697,192.660614,172.4626312,178.8333435,178.8636169,87.35428619,119.7915268,83.62636566,50.11454773,47.80318069,35.00339508,48.24814987,21.35898781,0.12280111,4.978168488,72.10821533,71.61327362,69.68284607,72.69438171,69.63703156,74.36300659,75.14910889,225.9664001,226.0743408,236.5824432,225.9082642,225.2497864,225.9633484,226.7789917
1/27/2017 2:00,233.2703247,67.71517181,31.14264679,3074.462646,14.06227398,16.05476379,0.132815585,10.08980179,0.176164493,0.177809596,0.072108217,0.090625174,0.054926392,0.466050416,0.300794035,82.72245026,92.94173431,84.7611618,84.82068634,188.7655945,176.3529663,181.0827026,183.0960846,84.55860138,122.7183228,85.55947113,50.10928345,48.03543854,35.10697937,48.75528717,21.5481205,0.123283297,4.935093403,72.11038208,71.55426788,69.6834259,72.68403625,69.54009247,74.36487579,75.14276886,225.5703735,226.2065582,237.2218475,225.6204071,225.6542206,226.1063843,226.8995209
1/27/2017 2:30,195.7163696,72.49443054,-0.766234934,2632.629883,13.64650726,0.258908838,0.170090899,11.38784027,0.197281331,-0.019369075,0.011696558,0.078369841,0.035715424,0.386019051,0.376850158,80.88307953,92.97935486,83.7405014,84.93837738,187.0781555,13.05959988,178.6064453,183.60466,86.71030426,125.7243118,87.73178864,17.41790009,6.456152916,29.39730263,12.29628849,54.6337471,0.123765483,5.344502926,72.11255646,71.49525452,69.68399811,72.6736908,69.44315338,74.366745,75.13642883,213.1802521,226.3387909,232.7983093,217.9310303,223.4517212,219.3829651,218.3472443
1/27/2017 3:00,195.1670837,65.78592682,17.28177071,3045.475342,16.92427826,0.309613615,0.207366213,16.99964905,0.286907911,0.010540648,0.042610295,0.076563388,0.04409305,0.450836182,0.375994653,81.15215302,0,84.11898804,87.14237976,184.4272461,0.423300356,176.7292633,187.0978241,86.22239685,118.9247818,87.70996857,33.30859375,33.15483475,8.428917885,2.983574152,45.77147293,0.12424767,5.05506897,72.11472321,71.01434326,69.68457794,72.66334534,69.34621429,74.3686142,75.13008118,214.2844696,224.8901062,228.719635,217.4066467,220.1264648,219.4141235,219.2858429
1/27/2017 3:30,206.2146759,69.57523346,14.85319138,3053.597656,17.62635612,0.313419014,0.241931945,17.52236938,0.291283339,-0.015465205,0.030898701,0.133395672,0.04846698,0.611121356,0.198142603,80.87178802,0,84.16931152,85.90989685,186.6876526,0.381114691,181.0807953,178.9518433,89.32675934,120.5940247,85.87335205,37.00619888,30.879076,8.750679016,5.523600578,44.6790123,0.124729857,1.965884209,72.11688995,64.53622437,69.68515778,72.65299225,69.24927521,74.3704834,75.12374115,213.9031677,223.1064301,228.7901306,218.8230133,217.9004974,218.8357391,219.2057953
1/27/2017 4:00,209.1984253,68.50569153,9.963924408,3061.720215,17.63586235,0.295614779,0.242906839,17.51452637,0.225498214,0.003879815,0.035132449,0.121142738,0.058130261,0.470590949,0.433319062,80.80919647,0,84.62134552,85.52233124,184.8848572,0.338929027,176.4907227,174.5635834,88.69329071,119.181488,87.2383728,43.95414734,34.53859711,29.07448196,9.832913399,38.25886154,0.125212044,1.964264989,72.11906433,58.0581131,69.68572998,72.64264679,69.15233612,74.3723526,75.11740112,214.8641968,221.4330292,229.4319611,219.7835083,218.2000885,219.9561157,220.4452515
1/27/2017 4:30,208.9838562,68.52110291,10.29779339,3069.78833,17.68853378,0.277810574,0.243881717,17.76989174,0.27590853,0.02467078,0.027184924,0.091505513,0.088033602,0.538652122,0.302678883,80.97996521,0,84.31321716,86.14950562,182.914856,0.296743363,178.8240814,174.3920746,88.43703461,119.6304092,85.75276947,44.02335739,34.2513504,28.13213921,10.26219082,37.59116745,0.12569423,1.962645769,72.12123108,51.5799942,69.68630981,72.63230133,69.05539703,74.3742218,75.1110611,214.9169312,221.3691254,229.6144562,219.7332306,218.4996796,219.7676392,220.2970581
1/27/2017 5:00,208.7692719,68.78404999,12.99735928,3077.72168,17.85480309,0.292152047,0.244856596,17.75295067,0.187241107,0.009880179,0.059917368,0.0979193,0.09123911,0.487046033,0.388352185,81.18554688,0,83.53823853,85.68830872,188.1367035,0.254557669,178.9607697,181.1381836,86.92641449,118.9186096,85.40843201,44.07742691,36.22329712,27.28007698,12.65542412,36.11619568,0.126176432,1.961026549,72.12340546,45.10187912,69.68688965,72.62195587,68.95845795,74.376091,75.10472107,216.4072113,221.3052216,229.5897675,219.539093,218.7992706,219.5791779,220.14888
1/27/2017 5:30,208.5547028,68.33113861,13.19237423,3075.749512,17.85726547,0.275826782,0.245831475,17.73360443,0.220227271,0.048682041,0.10768716,0.145457819,0.052670144,0.550548851,0.313747436,81.93836212,0,83.78414154,85.74007416,182.710083,0.212372005,178.9151611,183.3063965,87.6791687,119.9673767,85.60661316,43.7573204,36.84207916,27.75199127,14.49856853,36.22999573,0.126658618,1.95940733,72.1255722,43.38034058,69.68746948,72.61161041,68.86151886,74.37796021,75.09837341,215.8231659,221.2413025,229.5650787,219.2318573,219.098877,219.3907013,220.0007019
1/27/2017 6:00,207.9612885,66.82830811,12.49624062,3070.499268,17.76743507,0.259501517,0.246806368,17.75984764,0.193234921,-0.002410361,0.03952682,0.073258772,0.050575212,0.729035914,0.324139982,80.89923096,0,83.67593384,86.87689972,185.6912384,0.170186341,178.244751,178.844162,89.25229645,116.3922195,84.89794159,42.13467407,37.06761169,24.76358986,11.66199875,38.374897,0.127140805,1.957787991,72.12773895,43.22366333,69.68804169,72.60125732,68.76457977,74.37982941,75.09203339,214.9497375,221.1773987,229.6600189,218.9246216,219.3003082,219.3614807,219.9408569
1/27/2017 6:30,207.6751099,68.46468353,11.80010796,3065.249023,17.65278435,0.222917497,0.247781247,17.7855587,0.252640337,0.010847434,0.070371628,0.071373492,0.041735686,0.483795136,0.302247196,81.22063446,0,83.80530548,85.26618958,186.391571,0.128000677,175.8408508,179.1842651,87.97120667,117.1849442,84.1202774,42.20226669,36.59200668,23.79142952,11.02545738,38.79733276,0.127622992,1.956168771,72.12991333,43.0669899,69.68862152,72.59091187,68.66764069,74.38169861,75.08569336,214.973999,221.1134949,230.0640259,219.0521545,219.2643738,219.5319061,219.9649048
1/27/2017 7:00,207.388916,68.23096466,11.65169811,3059.998779,17.62522697,0.244580477,0.253822416,17.77467346,0.197533444,0.066672094,0.059258208,0.140137374,0.068118773,0.485408485,0.178254098,81.85896301,0,84.15696716,86.50760651,181.575058,0.085815005,181.0899658,177.0427856,89.59233093,121.8839645,84.25015259,42.26985931,36.73270035,23.80776978,11.38687611,38.71178436,0.128105178,1.954549551,72.13208008,42.91031647,69.68920135,72.58056641,68.5707016,74.38356781,75.07935333,216.2408447,221.0495758,230.7292328,220.2771912,219.4389801,220.647583,221.2751465
1/27/2017 7:30,207.1027374,68.15999603,11.58287239,3063.76001,17.63627243,0.245634735,0.349694669,17.76865387,0.205537081,0.005346425,0.082876265,0.098374017,0.033819508,0.559684575,0.303920537,81.53684998,0,84.86738586,86.04199219,183.0650024,0.043629333,180.0730438,173.5551758,90.28544617,120.2468719,83.54241943,42.33745193,36.73472977,23.82411003,19.94494247,36.93884277,0.128587365,1.958652735,72.13425446,42.75363922,69.68977356,72.57022095,68.47376251,74.38543701,75.07301331,217.5265961,220.985672,231.7019653,221.5022278,220.1882019,221.9490509,222.7532959
1/27/2017 8:00,206.8165588,68.50165558,11.51404667,3069.011475,17.62572098,0.233993694,0.38385433,17.77723885,0.226878121,0.076753989,0.138296232,0.196661279,0.11081861,0.562277019,0.235411838,81.67497253,0,84.46765137,86.03822327,180.5950775,0.001443664,180.7250214,183.0427094,89.05690765,118.0903473,82.84107971,42.40504456,36.7664032,23.84044838,19.99346542,36.87622452,0.129069552,1.967933893,72.1364212,42.59696579,69.69035339,72.55987549,68.37682343,74.38730621,75.06666565,217.5271912,221.0914154,232.6746979,221.9762421,220.9374237,222.5575256,223.1486053
1/27/2017 8:30,206.530365,68.07060242,11.44522095,3074.262695,17.69931412,0.275841475,0.420637697,17.74764824,0.196710095,0.051543217,0.078133292,0.175602213,0.067795463,0.543950081,0.240333021,81.94654846,0,83.87055206,86.40759277,180.1745758,0.57992214,180.6793823,181.6426849,88.34668732,118.542038,81.87071228,42.47264099,36.66861343,23.85678864,20.04198647,36.84815598,0.129551739,1.977215052,72.13858795,42.44029236,69.69093323,72.54953003,68.27988434,74.38917542,75.06032562,217.4484711,221.3016968,232.7666016,221.8971558,221.6866455,222.4982605,223.1952209
1/27/2017 9:00,206.2441864,67.74169159,11.37639427,3079.513916,17.66487122,0.250005573,0.443426967,17.75719452,0.197348863,0.014414227,0.087948456,0.131421641,0.065240793,0.572212458,0.358215481,81.36751556,0,83.40177155,86.38581085,183.4916382,0.553199947,182.5720825,181.2677917,87.15140533,120.034935,86.14654541,42.54023361,36.83873749,23.87312889,20.09050941,36.83651733,0.130033925,1.98649621,72.14076233,42.28361511,69.69150543,72.53917694,68.18294525,74.39104462,75.0539856,217.3697357,221.5119934,232.8432617,221.8180695,221.7846527,222.4389954,223.2418365
1/27/2017 9:30,212.3514099,68.63014984,11.30756855,3084.765137,17.63042831,0.249923229,0.372646153,17.79399872,0.193651348,0.051213987,0.063970461,0.107279241,0.104318917,0.699360251,0.356690198,82.04911041,0,82.62931061,86.7290802,184.3158417,0.526477754,185.1076202,189.3069611,87.76692963,118.7101288,86.38656616,42.60782623,36.58423996,23.88946915,20.13903236,36.82727432,0.130516112,1.995777369,72.14292908,42.12694168,69.69208527,72.52883148,68.08600616,74.39291382,75.04764557,217.2910004,221.7222748,232.9199219,221.7389679,221.8149109,222.379715,223.2884674
1/27/2017 10:00,214.1969604,67.70718384,11.23874283,3090.016602,17.59837341,0.261700898,0.356868237,17.69852257,0.179038614,0.004165128,0.056783114,0.111725971,0.108282283,0.502981901,0.405006796,81.76258087,0,83.8996048,87.0191803,186.1969452,0.499755561,182.5717926,182.2444611,88.76141357,119.8498383,86.20108032,42.67541885,36.80427933,23.9058094,20.18755531,36.51626968,0.130998299,2.005058527,72.14509583,41.97026825,69.6926651,72.51848602,67.98906708,74.39478302,75.04130554,217.2122803,221.9325562,232.996582,221.6598816,221.8451843,222.3204498,223.335083
1/27/2017 10:30,215.2841949,66.80721283,11.16991711,3095.267822,17.59474182,0.220092118,0.144716173,17.67919922,0.222708032,-0.003742851,0.052611243,0.083850019,0.0968564,0.569493771,0.327092081,80.65982819,0,83.51847076,85.34277344,183.8464508,0.473033369,179.3952789,185.3985596,84.67230988,119.3336639,86.02724457,42.74301147,36.26932144,23.92214966,20.23607635,36.22743225,0.1314805,2.014339685,72.1472702,41.813591,69.69324493,72.50814056,67.89212799,74.39665222,75.03495789,215.9811249,222.1428528,231.9394226,220.6239319,221.6175232,221.1578369,221.6461639
1/27/2017 11:00,215.5147552,67.16744232,11.10109138,3089.365479,17.64545441,0.225912198,0.161357,17.73923302,0.245510817,0.033350639,0.084955417,0.120630838,0.051478252,0.528971136,0.456077993,80.76333618,0,83.98326111,86.60915375,186.7353363,0.446311176,180.9649048,186.1365356,86.93268585,118.9579391,87.22399902,42.8106041,36.74601364,23.93848991,20.2845993,36.3638916,0.131962687,2.023620844,72.14943695,41.65691757,69.69381714,72.4977951,67.7951889,74.39852142,75.02861786,214.7159729,222.16716,230.2974396,219.2928009,220.3911896,219.5023956,219.6059723
1/27/2017 11:30,215.3544159,67.5916748,11.03226566,3083.454834,17.64466286,0.240638569,0.124205701,17.7441082,0.177998111,-0.00860704,0.041884903,0.068799965,0.075184688,0.642123222,0.292581141,81.78459167,0,84.25423431,86.64474487,185.216507,0.419588983,182.137619,181.2041016,86.26402283,118.9239807,86.73431396,42.87820053,36.93354797,23.95483017,20.33312225,36.67876816,0.132444873,2.032902002,72.15161133,41.50024414,69.69439697,72.48744965,67.69824982,74.40039063,75.02227783,213.4508209,221.4585571,228.6554413,217.9616699,219.1648407,217.8469696,218.3781281
1/27/2017 12:00,215.1940613,68.15830231,10.96343994,3077.544189,17.64381981,0.382416129,0.177565977,17.75473976,0.246951237,0.06484703,0.077373393,0.165773556,0.081846818,0.507082701,0.495072484,81.15866852,0,83.53452301,85.92597198,182.9258728,0.39286679,177.0578003,179.1257477,85.72638702,120.2802277,88.61713409,42.94579315,36.94490814,23.97116852,20.3816433,36.87759018,0.13292706,2.042183161,72.15377808,41.34356689,69.69497681,72.47709656,67.60131073,74.40225983,75.01593781,212.7418671,220.7499542,227.5900269,216.6305389,217.9385071,217.2589722,217.9532318
1/27/2017 12:30,215.0337067,67.31143188,10.89461422,3071.633545,17.64292717,0.32556653,0.230926231,17.74469757,0.217311963,0.033209972,0.033176437,0.180033296,0.086727135,0.62260139,0.295725524,81.97093964,0,84.21701813,86.61273193,181.9152069,0.366144598,178.7032623,175.8728333,84.6007843,120.0143127,88.02219391,43.01338577,36.59964371,23.98750877,20.43016624,36.85780716,0.133409247,2.051464319,72.15594482,41.18689346,69.69554901,72.4667511,67.50437164,74.40412903,75.00959778,212.0456696,220.0413513,227.4068146,216.4525909,216.7121582,217.057373,217.5283356
1/27/2017 13:00,214.8733673,67.70981598,10.8257885,3065.7229,17.63998413,0.279617727,0.242683351,17.79056168,0.182456017,0.011780231,0.038304385,0.110461459,0.080504335,0.510070562,0.288557738,82.06261444,0,83.3321228,85.96101379,183.6428528,0.339422405,184.7256927,181.3054199,86.30718994,116.2248306,83.44735718,43.08097839,36.86105347,24.00384903,20.47868919,36.71957016,0.133891433,2.060745478,72.1581192,41.03022003,69.69612885,72.45640564,67.40743256,74.40599823,75.00325775,211.5348053,219.3327484,227.2236023,216.3684387,216.0796204,216.8557892,217.1034546
1/27/2017 13:30,214.7130127,68.15375519,10.75696278,3059.8125,17.63653755,0.233668923,0.239664465,17.78116608,0.216272414,0.030823411,0.01721992,0.097337477,0.086181976,0.524616003,0.375186861,82.01622772,0,83.22024536,85.22154236,182.8427734,0.312700212,178.504364,179.6385956,85.62355042,116.8013229,83.23760223,43.14857101,36.65866852,24.02018929,20.52721024,36.985569,0.13437362,2.070026398,72.16028595,40.87354279,69.69670868,72.44606018,67.31049347,74.40786743,74.9969101,211.4106903,218.6241455,227.04039,216.2842712,216.0948334,216.6542053,216.6785583
1/27/2017 14:00,214.5526733,67.0175705,7.654574394,3057.874512,17.63309097,0.194886982,0.236645579,17.7335701,0.251131773,0.004095768,0.038334589,0.065122291,0.047870424,0.500525892,0.291195542,81.27668762,0,83.41915131,85.84513855,192.1976471,0.285978019,180.6583557,177.7438202,88.72971344,117.6361084,82.5044632,29.91071701,20.18567276,23.28791237,9.852295876,49.99871445,0.134855807,1.974387884,72.1624527,40.71686935,69.69728088,72.43571472,67.21355438,74.40973663,74.99057007,210.7158508,217.9155426,226.857193,216.200119,216.1100311,216.4526062,216.6792145
1/27/2017 14:30,214.3923187,68.32222748,10.12765598,3090.317871,17.6296463,0.203424796,0.233626693,17.73924637,0.166509375,0.011793422,0.018692255,0.083137013,0.042602852,0.419255614,0.396422118,81.47254944,0,83.41481018,85.57962036,189.4289398,0.259255856,180.4708252,179.9836731,88.90995026,118.6357803,81.62316132,29.98817062,29.96295357,23.31126022,9.77427578,48.9905777,0.135337994,1.961650252,72.16462708,40.56019592,69.69786072,72.42536926,67.1166153,74.41160583,74.98423004,213.5988159,217.2802734,228.0912323,218.3218689,216.20961,217.8656006,218.6918335
1/27/2017 15:00,214.2319794,67.83491516,10.56536674,3076.24585,17.62796593,0.214001119,0.230607808,17.7563343,0.23761788,0.037728343,0.112568989,0.18879734,0.130283788,0.603387415,0.500671864,81.27936554,0,84.02783203,85.02574158,183.4168701,0.232533649,180.8713684,181.7178345,89.6904068,118.9131546,81.99727631,30.06562233,29.98135376,23.33460808,9.696255684,49.99396896,0.13582018,1.958333135,72.16679382,40.40351868,69.69844055,72.41501617,67.01967621,74.41347504,74.97789001,212.7507019,217.2793427,228.946701,218.416687,216.7217255,218.4958344,219.161438
1/27/2017 15:30,214.0716248,67.85275269,10.58538342,3062.173584,17.62923431,0.204050079,0.227588922,17.75312424,0.206722632,0.017382326,0.033861998,0.158214986,0.073665194,0.55688858,0.302270502,81.92863464,0,83.38406372,85.49963379,184.6427002,0.205811456,179.4203491,178.6518707,89.29264069,117.9483261,83.80326843,30.14307404,30.12761688,23.35795593,9.618235588,50.10258484,0.136302367,1.983411551,72.1689682,40.24684525,69.69902039,72.40467072,66.92273712,74.41534424,74.97154999,211.8640747,217.2784271,228.4416809,217.8896637,217.2338409,218.0536346,218.7252808
1/27/2017 16:00,213.910202,68.13006592,10.60539913,3056.961426,17.63050079,0.195432559,0.224570036,17.7714386,0.267250091,0.01312339,0.037241761,0.100116774,0.043972395,0.484201163,0.236955717,81.18444061,0,84.26965332,85.82537842,184.7517548,0.179089263,182.3989258,184.105072,86.88156891,117.8551865,82.97932434,30.22052574,29.94205093,23.38130379,9.540215492,49.65047836,0.136784568,2.008490086,72.17113495,40.09017181,69.69959259,72.39432526,66.82579803,74.41721344,74.96520233,211.2755432,217.2775116,227.9366608,217.3626404,216.962265,217.6114349,218.2891083
1/27/2017 16:30,213.6583405,68.0786438,10.6254158,3061.462891,17.63749123,0.188588291,0.22155115,17.7706604,0.190674961,0.027855277,0.108874917,0.090679951,0.076150976,0.512816429,0.333475351,80.53318787,0,83.36208344,85.35639954,184.1284943,0.152367085,179.6338806,179.7732086,87.65596771,118.7436218,82.88474274,30.29797745,30.08007622,23.40464973,9.46219635,49.74407196,0.137266755,2.033568382,72.1733017,39.93349457,69.70017242,72.3839798,66.72885895,74.41908264,74.9588623,210.9132233,217.2765961,227.4316254,216.8356018,216.6329956,217.16922,217.8529358
1/27/2017 17:00,213.4064789,68.12045288,10.64543152,3065.9646,17.65440559,0.181744024,0.218532264,17.75322723,0.155670106,0.013748351,0.038869772,0.087308653,0.09215156,0.599719465,0.207436591,80.790802,0,84.16777039,85.53754425,182.4177704,0.125644892,180.9402618,185.1772308,87.12732697,118.0269394,83.2536087,30.37543106,30.13350105,23.42799759,9.517624855,49.5480423,0.137748942,2.058646917,72.17547607,39.77682114,69.70075226,72.37363434,66.63191986,74.42095184,74.95252228,210.7572479,217.2756653,226.9266052,216.3085785,216.3037415,216.7270203,217.4167633
1/27/2017 17:30,213.1546173,68.867836,10.66544819,3070.466064,17.65223122,0.187161177,0.215513378,17.78728676,0.193413675,-0.002505039,0.060297251,0.102190182,0.076631092,0.61263001,0.468354106,81.61260223,0,83.34430695,85.61424255,187.0531616,0.0989227,178.4120026,178.8591003,86.07229614,117.9159012,84.55371094,30.45288277,30.19751358,23.45134544,9.57518959,49.50270081,0.138231128,2.075204611,72.17764282,39.62014771,69.70132446,72.36328888,66.53498077,74.42282104,74.94618225,210.6012726,217.2747498,226.4215851,215.7815552,215.974472,216.2848206,216.9805908
1/27/2017 18:00,212.9047852,68.22823334,10.68546486,3074.967529,17.63984871,0.195855737,0.212494493,17.7809391,0.186357394,0.016036429,0.063888945,0.090059295,0.12209291,0.451641202,0.457367212,81.59243011,0,84.16677856,85.14357758,186.8486633,0.072200507,176.6001129,181.9817505,85.98159027,118.5401154,84.28154755,30.53033447,30.28509712,23.4746933,9.632754326,49.51861191,0.138713315,2.035130262,72.1798172,39.46347046,69.7019043,72.35293579,66.43804169,74.42469025,74.93984222,210.4452972,217.2718964,225.9165649,215.3458252,215.6452179,215.8426208,216.5444336
1/27/2017 18:30,212.6692505,68.10145569,10.70548058,3079.468994,17.64441681,0.193409681,0.214915559,17.71960258,0.2148121,0.014564844,0.051752795,0.077511482,0.097430177,0.51019901,0.542560458,82.51313782,0,83.24752808,86.04515076,188.6266785,0.045478318,181.0246735,180.8296356,85.0243454,117.9849167,84.06288147,30.60778618,30.03999901,23.49804115,9.690318108,49.85398483,0.139195502,2.028925896,72.18198395,39.30679703,69.70248413,72.34259033,66.3411026,74.42655945,74.93349457,210.460495,217.269043,225.9564667,215.6465302,215.3159637,215.6925507,216.3429871
1/27/2017 19:00,212.4337158,67.92497253,10.72549725,3083.970459,17.66033936,0.195318311,0.226797715,17.76073456,0.185903937,-0.002469687,0.042929947,0.101621114,0.04532193,0.455685616,0.485977352,81.08909607,0,82.91937256,86.04888153,184.649231,0.018756127,181.3914642,184.6014404,86.80056763,117.8659744,82.38004303,30.68523788,29.95308876,23.52138901,9.747882843,50.10010147,0.139677688,2.022721291,72.1841507,39.1501236,69.70305634,72.33224487,66.24416351,74.42842865,74.92715454,210.8101044,217.2662048,226.2629547,215.9472504,215.2449341,215.9945221,216.660965
1/27/2017 19:30,212.1981812,68.20270538,10.74551296,3088.471924,17.70062065,0.220222384,0.238679886,17.75439644,0.18189168,0.010931612,0.055542272,0.108975224,0.052802339,0.565803468,0.452703863,81.55695343,2.579802036,82.4514389,86.23135376,186.6091614,4.658660412,179.5627441,183.7747498,86.56001282,117.8757477,82.72383118,30.76268959,29.88672447,23.54473495,9.805447578,50.2281189,0.140159875,2.016516924,72.18632507,38.99344635,69.70363617,72.32189941,66.14722443,74.43029785,74.92081451,211.1587677,217.2633514,226.5694275,216.2479706,215.4359894,216.2965088,216.9789276
1/27/2017 20:00,211.9626465,68.58633423,13.47300625,3092.496582,18.39356995,0.255403697,0.232068896,18.53907585,0.208670467,-0.006731295,0.04115779,0.135598198,0.061746951,0.575613439,0.529314876,81.54920197,0,83.07192993,86.24061584,185.7434387,1.053347349,179.4542847,172.0969238,87.27091217,117.8338013,82.84338379,30.8401432,29.9770298,23.56808281,9.863012314,48.57921219,0.140642062,2.010312319,72.18849182,38.83677292,69.704216,72.31155396,66.05028534,74.43216705,74.91447449,211.9719391,217.2605133,226.8759003,216.5486755,215.6270447,216.5984955,217.2969055
1/27/2017 20:30,211.7271118,68.53697205,19.64208984,3094.445068,18.41438675,0.290584981,0.124280617,18.52163506,0.178839967,-0.011582143,0.031751551,0.082336374,0.066676803,0.58279717,0.390853852,81.09391785,0,83.62965393,89.16070557,186.0846558,1.028288722,183.1673279,181.0308228,86.27854156,120.0930939,85.4968338,30.91759491,29.94281197,23.59143066,9.920577049,49.11732101,0.141124249,2.004107952,72.19065857,38.68009949,69.70479584,72.3012085,65.95334625,74.43403625,74.90813446,213.6490479,217.2576599,227.182373,216.8493958,215.8180847,216.9004822,217.6148682
1/27/2017 21:00,211.4915771,68.39324951,19.64208984,3096.393799,18.52848244,0.325766295,0.016492328,18.49389076,0.260614634,0.006139093,0.032686252,0.108098879,0.053319804,0.579866707,0.261116624,81.44903564,0,83.48002625,89.44818115,185.9315643,1.003230214,181.6819763,179.2689056,84.36271667,120.0240402,89.30003357,30.99504662,29.94766045,23.61477852,9.978140831,48.97285843,0.14160645,1.997903466,72.19283295,38.52342224,69.70536804,72.29085541,65.85640717,74.43590546,74.9017868,213.6209564,217.2548065,227.4888458,217.150116,216.00914,217.2024689,217.9328461
1/27/2017 21:30,211.2560425,67.3596344,19.25208282,3073.630371,18.44792938,0.435034454,0.224554524,18.51375198,0.208883435,-0.012516524,0.028966354,0.095666997,0.076404676,0.497395575,0.303632528,81.66352844,0,82.70223999,88.59963226,188.4563446,0.978171587,180.6830139,177.4320374,85.25624847,119.6773453,89.10652924,31.07249832,29.98196602,23.5508976,10.04491806,49.20129395,0.142088637,1.987573981,72.19499969,38.47032928,69.70594788,72.28050995,65.75946808,74.42972565,74.89544678,213.5928497,217.2519684,227.7953339,217.4508362,216.2001953,217.5044403,218.1055908
1/27/2017 22:00,209.9748383,66.65742493,18.7917347,3046.475342,18.28284264,0.449638844,0.228524387,18.17982101,0.176755369,-0.011318088,0.063557766,0.112821825,0.103688851,0.637921989,0.305328906,81.63428497,0,83.22566986,89.91603088,185.0946503,0.953113019,179.6983948,181.1768188,85.71920776,118.2759781,88.98986053,31.14995003,29.96073151,23.46603584,10.09174728,49.90061951,0.142570823,1.976294518,72.19717407,38.4359436,69.70652771,72.27016449,65.66252899,74.42210388,74.88910675,212.9380035,217.249115,227.7916718,217.2677307,216.3912354,217.4632568,217.9081268
1/27/2017 22:30,205.7280426,67.93682861,13.73893261,3062.708252,18.19280434,0.464243233,0.23249425,18.21639824,0.168556392,0.008793058,0.050428297,0.099822208,0.087192759,0.546431959,0.295312762,81.26158142,0,83.54804993,88.51811981,182.984375,0.928054452,182.116745,188.1235657,84.3361969,119.4149704,90.97676849,31.22740364,29.8913269,23.38117599,10.13857651,49.89844894,0.14305301,1.965015054,72.19934082,38.40156174,69.70709991,72.25981903,65.5655899,74.41447449,74.88276672,211.0871429,217.2462769,227.5002441,216.941452,216.5314026,217.2110138,217.7106781
1/27/2017 23:00,205.5383606,67.64322662,14.87215996,3070.429443,18.15130424,0.510186791,0.236464113,18.19248581,0.257468402,0.004803766,0.064495958,0.126149222,0.08792641,0.675283074,0.279213995,81.12376404,0,82.55113983,88.62397766,185.0595245,0.902995884,181.3182678,171.0600433,87.36222839,118.1050568,88.07302094,31.30485535,30.29248238,23.29631424,10.18540668,49.07277679,0.143535197,1.95373559,72.20150757,38.36717606,69.70767975,72.24947357,65.46865082,74.40684509,74.8764267,211.5523682,217.2434235,227.2088165,216.6151733,216.5673828,216.958786,217.5132294
1/27/2017 23:30,216.607132,67.99030304,18.72633171,3077.408447,19.18339157,0.556994617,0.233138502,19.29435349,0.245874584,-0.000949941,0.052768208,0.074371621,0.091633663,0.500887394,0.303219259,81.34742737,0,82.59112549,89.0253067,188.742691,0.877937317,178.3071289,180.5236206,87.82528687,116.3879471,84.3692627,31.38230705,30.20850182,23.21145439,10.23223591,49.4426651,0.144017383,1.942456126,72.20368195,38.33279419,69.70825958,72.23912048,65.37171173,74.3992157,74.87008667,212.0175781,217.2405701,226.9830475,216.5150757,216.603363,216.706543,217.3157654
1/28/2017 0:00,216.693985,67.33753204,20.16670609,3078.943848,19.34633255,0.585380733,0.225622296,19.38460922,0.271426767,0.009812567,0.090768516,0.155748919,0.061565489,0.542153656,0.337085336,81.83560944,0,83.0337677,88.6939621,183.776123,0.852878749,179.8591003,179.0350494,87.10518646,117.1089249,86.44510651,39.8326683,30.18147659,23.20228958,10.27906513,49.21915817,0.14449957,1.965666294,72.20584869,38.29840851,69.70883179,72.22877502,65.27477264,74.39159393,74.86373901,212.4828033,217.2377319,227.188446,216.7123718,216.6393585,216.8552856,217.4965973
1/28/2017 0:30,216.780838,67.16204071,20.25474358,3080.479248,19.31583977,0.613766909,0.223560676,19.37557793,0.176840827,-0.000867355,0.033619504,0.106133856,0.073281229,0.715771198,0.28214696,81.91635132,0,83.22175598,89.61380768,181.4776306,0.827820182,180.9714966,182.782959,86.16564941,116.6834335,86.29803467,39.93399429,29.99564362,23.20922852,10.32589436,49.40078354,0.144981757,1.973290563,72.20802307,38.26402664,69.70941162,72.21842957,65.17783356,74.38396454,74.85739899,212.4286804,217.2348785,227.3938293,216.9096832,216.5285492,217.0617371,217.6858063
1/28/2017 1:00,216.867691,67.6725769,20.34278107,3082.014648,19.28534698,0.642153025,0.221499041,19.46910095,0.233778164,-0.015901456,0.040617034,0.094548337,0.080161311,0.701797366,0.282370001,81.35865021,0,83.34980774,90.13678741,188.7391663,0.802761614,179.5019226,184.8131104,87.71717072,116.3564072,85.14271545,40.0353241,29.99983025,23.21616745,10.37272453,49.39953613,0.145463943,1.978702426,72.21018982,38.22964096,69.70999146,72.20808411,65.0809021,74.37633514,74.85105896,212.1605072,217.2320251,227.5992126,217.1069946,216.3191986,217.2682037,217.8750153
1/28/2017 1:30,216.9545441,66.75672913,20.43081856,3083.550293,19.26759338,0.6705392,0.214212075,19.31388474,0.166685119,-0.016176544,0.056220632,0.113717735,0.076296434,0.597642899,0.345966458,81.38007355,0,82.45196533,89.41783905,182.3127289,0.777703047,184.9860687,187.8668671,86.61273193,117.9244614,85.81023407,40.13665009,29.99429893,23.22310638,10.41955376,49.26828384,0.14594613,1.984114289,72.21235657,38.19525909,69.71057129,72.19773865,64.98396301,74.36871338,74.84471893,211.8923187,217.229187,227.8046112,217.304306,216.109848,217.4746552,218.0642242
1/28/2017 2:00,217.0413971,66.7119751,20.51885605,3085.085693,19.30483055,0.698925316,0.201976269,19.4098835,0.243045345,-0.017532533,0.040676907,0.161921501,0.065554902,0.627876699,0.278841764,82.15975952,0,82.74258423,89.98497009,184.859726,0.752644479,178.5582123,172.254776,85.0896225,117.8973236,87.98653412,40.23797989,29.9081955,23.23004532,10.46638298,49.2918663,0.146428317,1.989526153,72.21453094,38.16087341,69.71114349,72.18739319,64.88702393,74.36108398,74.83837891,211.6241302,217.2263336,227.1337738,216.7406311,215.9004974,216.9079742,217.3239594
1/28/2017 2:30,217.1282501,66.52444458,20.60689163,3086.621094,19.3163414,0.688078225,0.19032453,19.28058434,0.182163507,-0.012911131,0.058264755,0.081133895,0.069280088,0.688331783,0.337242931,81.21320343,0,83.05109406,89.04112244,185.7564697,0.727585912,186.059845,183.1773834,86.50283051,117.0536041,87.62458038,40.33930588,29.90727615,23.23698425,10.5132122,49.37728119,0.146910518,1.994938135,72.21669769,38.12649155,69.71172333,72.1770401,64.79008484,74.35345459,74.83203125,210.7631378,217.2234955,226.3032379,216.0364685,215.6911469,216.163559,216.5451965
1/28/2017 3:00,217.2151031,66.85840607,20.69492912,3088.156494,19.43272972,0.692021191,0.208211258,19.3920517,0.20386149,-0.003762978,0.064899415,0.103411928,0.06249059,0.597779453,0.352356076,81.29130554,0,82.76496124,89.82595062,185.7260132,0.702527344,178.8983002,179.5529633,85.97583771,115.4818802,87.39234924,40.44063568,30.23833084,23.24648857,10.56004238,49.68391418,0.147392705,2.000349998,72.21886444,38.09210587,69.71230316,72.16669464,64.69314575,74.34583282,74.82569122,209.8363647,217.2206421,225.472702,215.3323059,215.3827972,215.4191437,215.766449
1/28/2017 3:30,231.7754059,67.18119049,20.78296661,3089.691895,19.71422195,0.708349288,0.345807016,Over Range,0.243054762,0.040633366,0.080561697,0.153293461,0.099033229,0.694691956,0.427638024,80.9858551,0,83.67795563,89.66647339,185.8458405,0.677468777,179.909668,184.674881,85.32627869,116.6661758,86.84252167,40.54196167,29.93080902,23.25687981,10.6068716,49.61710358,0.147874892,2.005761862,72.22103882,38.057724,69.71287537,72.15634918,64.59620667,74.33820343,74.8193512,208.9095917,217.2329865,224.6421814,214.6281433,214.9508514,214.6747131,214.9876862
1/28/2017 4:00,231.0861664,68.37605286,20.8710041,3091.227539,20.26945114,0.673013389,0.33974117,Over Range,0.175174683,0.01520424,0.028181864,0.127297923,0.104989186,0.662322402,0.320622265,82.09407806,0,82.61274719,90.0981369,180.9381714,0.652410209,179.401474,173.7964783,85.69136047,117.2824326,87.17614746,40.64329147,29.84606552,23.26727104,10.48301983,49.87998199,0.148357078,2.011173725,72.22320557,38.02333832,69.7134552,72.14600372,64.49926758,74.33057404,74.81301117,209.3766479,217.2740173,225.5341339,214.9811401,214.5189056,215.1409454,215.5106354
1/28/2017 4:30,230.3969421,67.54345703,22.97927475,3082.287842,20.25761414,0.63767755,0.191189706,Over Range,0.247446269,0.023470314,0.078305155,0.14068383,0.084361233,0.68526119,0.229695156,82.14465332,0,82.59273529,90.81574249,178.215683,0.627351642,184.2405853,175.4640961,85.50637817,115.462616,88.64463806,40.74461746,29.85659218,23.27766228,10.2452116,49.46559906,0.148839265,2.016585588,72.22537994,37.98895645,69.71403503,72.13565826,64.40232849,74.32295227,74.80667114,211.5003662,217.315033,227.0238037,216.2178497,214.7740173,216.7598419,217.1417236
1/28/2017 5:00,229.7077179,66.98679352,22.79731369,3069.479248,20.28574753,0.602341652,0.430520445,Over Range,0.196577176,-0.013473382,0.099467807,0.119330667,0.068093896,0.655748844,0.400133759,81.89054108,0,83.46674347,89.98916626,188.8226013,0.602293074,179.66922,175.718689,83.98925781,116.3580551,89.0376358,40.84594727,30.05448151,23.28805351,10.00740337,49.68217087,0.149321452,2.02199769,72.22754669,37.95457077,69.71461487,72.12531281,64.3053894,74.31532288,74.80032349,211.6703796,217.3560486,227.5425568,217.0318146,215.2536774,217.1613007,217.6461334
1/28/2017 5:30,229.3354187,67.27272034,22.61535263,3056.670654,20.423069,0.567005754,0.628703296,Over Range,0.178392023,0.01439019,0.040021569,0.163693413,0.078378782,0.554276705,0.28349635,82.14196777,0,83.20980072,89.42745972,183.2200623,0.577234447,177.6980896,176.3809052,86.78312683,117.2401428,89.21251678,40.94727325,29.98812485,23.29844475,10.08366966,49.74926376,0.149803638,2.027409554,72.22971344,37.9201889,69.71518707,72.11495972,64.20845032,74.30769348,74.79398346,211.333725,217.3970795,227.4076538,216.9393616,215.7333527,217.1078796,217.4242859
1/28/2017 6:00,229.1409607,68.03565979,22.43339348,3043.861816,20.36705971,0.531669855,0.626866221,Over Range,0.181943104,0.006803717,0.055140596,0.078948922,0.065671735,0.543763041,0.269846886,82.45375824,0,83.4548111,89.08885193,182.9775238,0.552175879,181.059845,179.7586517,86.41791534,118.3171844,89.51333618,41.04860306,30.20420074,23.30883598,10.16172028,50.16560745,0.150285825,2.032821417,72.23188782,37.88580322,69.71576691,72.10461426,64.11151123,74.30006409,74.78764343,210.9970703,217.4380951,227.2727661,216.8469238,216.208725,217.0544434,217.2024384
1/28/2017 6:30,228.9464874,66.9282608,18.23827171,3021.743408,18.51649094,0.502227485,0.595645905,18.38993835,0.169321328,-0.009800345,0.066520914,0.088671096,0.05558113,0.605825663,0.200907469,82.69822693,0,83.02335358,89.52566528,182.4742737,0.527117312,175.4871216,183.4937592,83.36336517,116.6412354,88.47206116,41.14993286,29.87166023,23.31922913,10.23977089,50.90652847,0.150768012,2.03823328,72.23405457,37.85142136,69.71634674,72.0942688,64.01457214,74.29244232,74.78130341,210.3142242,217.4791107,227.1378784,216.7544708,216.3712006,217.0010223,216.9805756
1/28/2017 7:00,221.331955,68.48752594,-0.682868004,3124.566895,17.65361595,0.528023124,0.506578863,17.76026154,0.179018676,-0.009864005,0.082713798,0.074060924,0.0174304,0.50892204,0.375584006,80.23174286,0,81.90725708,84.47737885,184.9798279,0.502058744,176.7752228,175.8339386,86.59977722,120.187439,88.44300079,41.25125885,29.97467804,23.51488495,10.3178215,49.34529877,0.151250198,2.043645144,72.23622894,37.81703568,69.71691895,72.08392334,63.91762924,74.28481293,74.77496338,206.2324066,217.5201416,227.0029907,216.6620331,216.5336914,216.9702148,219.621048
1/28/2017 7:30,221.4072266,67.05960846,-0.375987649,3120.508545,17.63861275,0.553818703,0.511720955,17.76704597,0.188778579,0.013410509,0.069301568,0.063170895,0.050005309,0.587920606,0.368261218,80.64500427,0,82.57598877,85.5958786,187.2549438,0.477000177,182.4354095,188.1454468,86.64351654,117.8378296,87.48822784,41.35258865,29.94849014,23.7700367,10.39587212,48.94787216,0.151732385,2.049057007,72.23839569,37.78265381,69.71749878,72.07357788,63.82069016,74.27718353,74.76861572,205.6965179,217.5611572,227.5946198,216.9906921,216.696167,218.0393982,220.8045349
1/28/2017 8:00,221.4825134,68.49356079,-0.069107302,3116.450439,17.8268013,0.579614341,0.520721912,17.72366333,0.219210878,0.023694636,0.058398124,0.130931184,0.029604424,0.431069732,0.371438473,80.80020905,0,83.29392242,85.44526672,185.1717682,0.451941609,180.3656006,177.8615265,86.92424011,119.390831,87.92628479,41.45391464,29.96825218,24.02518845,10.47392273,49.27776718,0.152214587,2.05446887,72.24056244,37.74826813,69.71807861,72.06323242,63.72375107,74.26956177,74.7622757,206.3323212,217.6021729,228.9587402,218.2954865,216.8586578,219.1085968,221.9880371
1/28/2017 8:30,221.5578003,69.43637848,-0.891214848,3099.182617,17.62914658,0.552179396,0.722700238,17.81501579,0.120594032,-0.006048876,0.066324569,0.077148445,0.026184971,0.744649589,0.298570842,81.47730255,0,82.51293945,85.25386047,185.80336,0.426883042,179.0189514,184.585144,85.92418671,119.0800247,88.13248444,59.99689484,50.04811859,23.59412193,49.99118042,49.36394501,0.152696773,2.079749107,72.24273682,37.71388626,69.71865082,72.05287933,63.62681198,74.26193237,74.75593567,211.7682037,217.7099457,230.2157135,219.0160065,217.4149475,220.1777802,222.7393341
1/28/2017 9:00,221.6330719,69.53123474,-0.816963017,3110.780518,17.69115829,0.433983564,0.739319324,17.72910118,0.165831909,0.021600699,0.03309609,0.082906105,0.073759958,0.576653063,0.443048,81.03904724,0,82.25722504,84.47412872,186.96698,0.401824474,183.9642029,175.9409332,86.64109802,120.0655518,87.92826843,59.88777924,49.88905334,23.96319199,50.24733734,49.1584053,0.15317896,2.033398151,72.24490356,37.67950058,69.71923065,72.04253387,63.52987289,74.25430298,74.74959564,212.8811188,218.2939148,229.4450378,218.7570343,218.2240448,220.274704,221.7349243
1/28/2017 9:30,0.880568504,37.24597168,-0.742711186,2908.187988,0,5.20E-05,0.144965082,0.0396038,0.12443658,-0.00067062,0.070569955,0.060224589,0.042014461,0.953518569,0.393452615,76.42441559,0,81.54798889,81.48492432,186.4877014,0.376765907,176.5818787,180.8049774,90.02658844,99.02909088,84.44636536,0.954897285,0,0.240282953,0.032883607,0.232224688,0.153661147,0.069189832,72.24707031,37.64511871,69.71981049,72.03218842,63.43293381,74.24668121,74.74325562,218.4605255,218.8778839,230.8324738,219.6344299,219.0331573,219.5493927,221.2182159
1/28/2017 10:00,0.831359446,37.02440262,-0.668459415,2832.842529,0.001590682,0.000181571,0.171696246,0.000711546,0.101368517,0.005529935,0.064707302,0.067417711,0.067961805,0.543769538,0.313005149,76.56934357,0,81.72734833,80.9673996,184.6425629,0.351707339,181.2230225,177.9594727,91.12226868,124.4421387,87.25858307,1.063840628,0,0.099057585,0.138498873,0.2178161,0.154143333,0.056301191,72.24924469,37.61073303,69.72039032,72.02184296,63.33599472,74.23905182,74.73691559,222.4039764,219.461853,233.4821625,222.5870209,220.022522,219.3329926,220.7015076
1/28/2017 10:30,0.782150388,36.75043869,-0.594207585,2757.49707,0.001759941,0.000311122,0.023571715,0,0.120893687,0.003867019,0.060133122,0.06464906,0.044788346,0.425255328,0.368035465,77.22024536,0,81.19805145,81.36945343,183.2021637,0.326648772,180.1075897,181.9592133,91.77220154,126.4371643,86.10793304,1.172783971,0,0.118938379,0.244114131,0.203407496,0.091794819,0.043412548,72.25141144,37.57635117,69.72096252,72.0114975,63.23905563,74.23142242,74.73056793,223.2137146,220.0458221,233.4346466,222.5554199,221.3985901,219.1165771,220.1847992
1/28/2017 11:00,0.732941329,37.55660629,-0.519955754,2682.151611,0.001929201,0.000440672,0.006573632,0,0.110908829,0.002204102,0.061346538,0.065110385,0.052204423,0.351985514,0.198595986,77.07159424,0,81.68775177,82.23330688,183.1365051,0.301590204,180.3895264,186.9396515,87.73086548,127.5735931,86.068367,1.281727195,0,0.204720184,0.349729389,0.188998893,0.064542085,0.030523906,72.25358582,37.54196548,69.72154236,72.00115204,63.14211655,74.22380066,74.72422791,223.4029541,220.6297913,233.3871307,222.5238037,222.7746735,218.900177,219.8088379
1/28/2017 11:30,0.683732331,36.89899445,-0.445703924,2613.235107,0.00209846,0.000570223,0.014391328,0,0.158275247,0.000541185,0.033009242,0.065429799,0.102906846,0.373518288,0.367945552,77.52365875,0,82.11505127,81.81030273,179.1659088,0.276531607,185.3859711,179.5754242,90.18589783,126.3627243,85.76086426,1.390670538,0,0.290502012,0.455344647,0.17459029,0.037289355,0.017635264,72.25575256,37.50758362,69.72212219,71.99079895,63.04517746,74.21617126,74.71788788,223.1596832,221.2137756,233.3396149,222.4922028,222.7219086,218.6837769,219.4967041
1/28/2017 12:00,0.634523273,36.64545059,-0.371452093,2567.674805,0.002267719,0.000699773,0.022209024,0,0.085504584,-0.001121731,0.032405056,0.050251409,0.053839147,0.452626377,0.454571933,76.75747681,0,80.78461456,81.81137848,186.0048065,0.251473039,181.306427,181.056366,92.0695343,127.1579895,86.20218658,1.499613881,0,0.376283824,0.560959935,0.160181701,0.010036621,0.004746622,72.25791931,37.47319794,69.7226944,71.98045349,62.94823837,74.20854187,74.71154785,222.7294006,221.7977448,233.2921143,222.4605865,222.3188629,218.4673615,219.1845551
1/28/2017 12:30,0.585314214,36.90688324,-0.297200292,2522.114258,0.002436979,0.000829324,0.030026721,0,0.120998912,-0.002784648,0.026400387,0.05257605,0.068413705,0.385926902,0.375282794,76.67258453,0,81.69145966,81.72483826,186.009201,0.226414472,179.8246765,179.9851227,90.46790314,126.0395508,87.39149475,1.608557105,0,0.00631776,0.666575193,0.145773098,0.018711746,0.044613756,72.26009369,37.43881607,69.72327423,71.97010803,62.85129929,74.20091248,74.70520782,222.299118,222.3817139,233.2063599,222.2986145,221.9158173,218.2509613,218.872406
1/28/2017 13:00,0.536105156,36.82384491,-0.222948462,2476.553955,0.002606238,0.000958875,0.037844419,0.000603626,0.097314276,-0.004447565,0.047290463,0.051063579,0.060684245,0.40114063,0.371097118,76.7520752,0,81.34452057,80.76783752,184.0450897,0.201355904,179.0746155,180.5288239,92.2989502,126.5044556,87.57459259,1.717500448,0,8.067079544,0.000717382,0.131364495,0.001433342,0.031369284,72.26226044,37.40443039,69.72385406,71.95976257,62.7543602,74.19329071,74.69886017,221.8688354,222.6444702,232.5131836,221.6781769,221.5127716,218.0345459,218.560257
1/28/2017 13:30,0.486896127,37.53738403,-0.148696646,2430.993408,0.002775498,0.001088425,0.045662113,0.000846268,0.119092382,-0.006110481,0.033652786,0.050775532,0.080869779,0.403306752,0.321353555,76.80484772,0,80.86265564,81.75839233,183.0766602,0.176297337,180.8761597,176.718811,90.69552612,126.8409042,87.61566162,1.826443791,0,0.492108434,0.000414495,0.116955891,0.066149816,0.018124811,72.26443481,37.37004852,69.72442627,71.94941711,62.65742493,74.18566132,74.69252014,221.4385529,222.212738,231.8199921,221.057724,221.109726,217.8181458,218.2481079
1/28/2017 14:00,0.437687099,37.17538452,-0.074444816,2385.433105,0.002944757,0.001217976,0.053479809,0.001083133,0.127809405,-0.007773398,0.023852183,0.035440896,0.105493888,0.583967268,0.418008596,77.08410645,0,81.33182526,80.76495361,184.428894,0.151238769,181.8657532,184.341629,92.44415283,125.0498962,85.95243073,1.935387015,0,0.356475234,0.000111608,0.102547295,0.130866289,0.004880338,72.26660156,37.33566284,69.7250061,71.93907166,62.56048584,74.17803192,74.68618011,221.0082703,221.7810059,231.1268158,220.4372711,220.7066803,217.6017303,217.9359741
1/28/2017 14:30,0.38847807,37.76760101,-0.000192996,2339.872559,0.003114016,0.001347526,0.061297506,0.001014519,0.144729182,-0.009436315,0.044768527,0.054896131,0.098881215,0.360207975,0.363618076,77.14702606,0,80.4447403,81.07469177,185.7558594,0.126180187,181.9127655,179.9717102,94.61477661,125.4744339,84.15636444,1.990697622,0,2.392367601,0.61471653,0.190894559,0.019119563,0.004799095,72.26876831,37.30128098,69.72558594,71.92871857,62.46354675,74.17041016,74.67984009,220.5779877,221.3492737,230.4336395,219.8168182,220.3036499,217.3853302,217.6238251
1/28/2017 15:00,0.339269012,37.88216782,-0.684030771,2294.312256,0.003283276,0.001477077,0.069115207,0,0.128421053,-0.011099231,0.051658925,0.069712959,0.08380767,0.442322761,0.461112857,77.35930634,0,80.81411743,81.48098755,184.9254608,0.101121619,181.133728,182.8545227,92.86226654,125.2995682,83.91110229,1.971462846,0,7.786456585,1.017768621,0.150279269,0.0059578,0.006363692,72.27094269,37.26689529,69.72616577,71.91837311,62.36660767,74.16278076,74.67350006,219.7343292,220.9175415,229.7404633,219.1963806,219.9006042,217.1689148,217.311676
1/28/2017 15:30,0.290059984,36.28390121,10.82908344,2125.378418,0.003452535,0.001606627,0.0769329,0,0.133919373,-0.012762148,0.068414062,0.062061451,0.093138114,0.350585312,0.414642096,77.25894165,0,81.35310364,82.6188736,183.4869537,0.076063052,179.8313904,180.5317535,92.92438507,125.8955231,84.1431427,1.952228069,0,0.147463486,0.3933236,0.089324519,0.008818353,0.123028301,72.27310944,37.23251343,69.72673798,71.90802765,62.26966858,74.15515137,74.6671524,218.0040588,219.2022858,228.5453949,217.452652,218.0691833,214.1832428,214.5119324
1/28/2017 16:00,0.240850925,34.24455643,36.36225891,1903.743774,0.003621795,0.001736178,0.0847506,0.000159768,0.115994789,-0.019257721,0.031590555,0.069450527,0.043800849,0.373469055,0.343232363,77.41713715,0,81.81593323,82.75495148,186.2024841,0.051004481,180.1311798,183.1024017,93.29019928,125.2313538,84.4138031,1.932993293,0,0.302874923,0.233615443,0.181178242,0.036623374,0.00934347,72.27527618,37.19812775,69.72731781,71.89768219,62.17272949,74.1475296,74.66081238,213.9030304,213.5457306,223.7494049,213.0555878,213.311554,211.0138855,210.8764954
1/28/2017 16:30,0.191641882,31.60340309,71.64830017,1682.109253,0.003791054,0.001865728,0.092568293,0.000745961,0.130080104,-0.018215591,0.052647617,0.062213209,0.077107698,0.354314893,0.330721229,77.10622406,0,82.2747345,82.86563873,185.3627014,0.025945909,177.5902405,185.1432037,94.13425446,127.3915863,85.57141876,1.913758397,0,0.571321189,0.252844602,0.210640848,0.019822698,0.016263375,72.27745056,37.16374588,69.72789764,71.88733673,62.07579041,74.13990021,74.65447235,207.9970856,207.8891602,218.283844,207.4723053,207.8626251,206.6184998,206.2587128
1/28/2017 17:00,0.142432839,27.30749321,-0.923271894,1460.474609,0.003960314,0.001995279,0.100385986,0.00122074,0.042005494,-0.017594205,-0.000867862,0.021305908,-0.038373716,-0.003827211,0.006890098,2.239646912,0,1.728658795,0.960938513,3.92215395,0.000887338,1.508021593,2.009079218,61.59267044,218.3296967,40.0587883,1.894523621,0,0.571857452,0.272073746,0.015748657,0.057734195,0.045347083,72.27961731,37.1293602,69.72846985,71.87698364,61.97885132,74.13227081,74.64813232,201.4653015,201.9083862,211.4744263,201.0041504,201.446701,200.394928,200.1054382
1/28/2017 17:30,0.093223795,28.10809326,45.73679352,1379.076782,0.004129573,0.002124829,0.108203687,0.003358906,0.090045027,-0.006241132,0.055207282,0.059556842,-0.034030151,0.362433672,0.152741879,76.66564941,0,80.92156219,80.03221893,182.8966827,0.817144752,178.6266327,178.9293365,1.74E-31,127.3482666,86.54438019,1.875288844,0,1.346305728,0.291302919,0.167285517,0.10869471,0.011681965,72.28179169,37.09497833,69.72904968,71.86663818,61.88191223,74.12464905,74.6417923,199.3684998,199.1997833,208.6094513,198.2798157,198.7051849,197.7133331,198.077774
1/28/2017 18:00,0.044014756,23.79040909,90.7019577,1246.148438,0.004298833,0.00225438,0.11602138,0.00061037,0.095911443,0.009610993,0.078564636,0.052139949,-0.029686583,0.505646944,0.283689708,76.71723938,0,81.57442474,80.42789459,185.6383667,0.813447952,180.5657196,181.0278625,1.27E-31,124.9762497,86.9263916,1.856054068,0,0.57837826,0.309816003,0.177648097,0.02055365,0.013981247,72.28395844,37.06059265,69.72962952,71.85629272,61.68069077,74.11701965,74.63544464,194.1838379,194.848938,204.1627655,193.7627106,194.4802856,193.1232758,192.6047974
1/28/2017 18:30,0.055992831,14.21522427,90.61217499,1091.109863,0.004468092,0.00238393,0.12383908,0.00061037,0.068712495,-0.016532555,0.03969175,0.040966455,-0.025343018,0.700258136,0.295792729,76.13181305,0,82.3551178,78.68790436,185.8432617,0.809751093,182.7194824,185.6051483,8.02E-32,124.6659775,88.2327652,1.836819291,0,0.507901847,0.326769292,0.200265065,0.017763816,0.012083513,72.28612518,37.02621078,69.73020172,71.84594727,61.4474411,74.10939026,74.62910461,188.2450256,189.0818329,198.2859497,187.9146576,188.8513947,187.2246246,186.497757
1/28/2017 19:00,0.586451232,13.58687878,-0.938824654,995.2068481,0.004637351,0.002513481,0.131656781,0.00061037,0.108020574,-0.012322693,0.039929025,0.038051732,-0.02099945,0.599726856,0.228097439,76.15785217,0,79.9098053,79.29558563,186.6687775,0.806054235,181.9665375,179.8100433,3.31E-32,124.4787216,88.24642181,1.817584515,0,0.437425375,0.343722582,0.222882032,0.014973981,0.010185779,72.28829956,36.9918251,69.73078156,71.83560181,61.21418762,74.10176086,74.62276459,184.3918457,185.1257629,194.0585632,184.2187347,184.6637421,184.0879974,184.3730164
1/28/2017 19:30,1.116909623,13.0307312,-0.879798472,991.4890747,0.004806611,0.002643031,0.139474466,0.00061037,0.094332196,-0.006995443,0.041831881,0.041379049,0.040330362,0.423934966,0.229438677,75.9907074,0,79.65571594,79.75225067,185.4463348,0.802357376,175.1257477,180.6877594,100.3006134,125.9525986,87.50350952,1.798349738,0,0.366948932,0.360675901,0.004357785,0.012184147,0.008288044,72.29046631,36.95744324,69.73136139,71.82525635,60.98093414,74.0941391,74.61642456,183.9389648,184.7345428,193.6648407,183.8777466,184.3249207,183.6790619,183.9705658
1/28/2017 20:00,1.647367954,18.14488411,-0.820772231,987.7713623,0.00497587,0.002772582,0.147292167,0.00061037,0.077166021,-0.01314883,0.043168128,0.059695583,0.033845711,0.600009024,0.211840719,75.9691925,0,80.2876358,80.71162415,186.2405396,0.798660517,178.7206421,169.2323608,97.75666046,125.6624146,89.71922302,1.779114842,0,0.867457032,0.377629191,0.060490016,0.009394312,0.00639031,72.29263306,36.92305756,69.73194122,71.81490326,60.85324478,74.0865097,74.61008453,183.7136841,184.3433075,193.2711334,183.5367737,183.9860992,183.2701416,183.5681152
1/28/2017 20:30,2.177826405,16.10608101,-0.761746049,984.0535889,0.00514513,0.002902132,0.155109867,0.00061037,0.072630711,-0.015338609,0.071659639,0.050000776,0.049983028,0.475659907,0.193381652,75.86838531,0,81.74738312,81.91946411,183.9785309,0.794963658,177.713913,181.3336029,98.74555969,126.0137177,91.22742462,1.759880066,0,0.618071198,0.39458248,0.116622247,0.006604478,0.004492576,72.29480743,36.88867569,69.73251343,71.8045578,60.97156143,74.07888031,74.60374451,183.4884033,183.9520874,192.8774109,183.1957855,183.6472931,182.8612061,183.1656647
1/28/2017 21:00,2.708284855,19.70609093,-0.702719867,980.3358765,0.005314389,0.003031683,0.162927568,0.00061037,0.093436882,-0.01552553,0.055569302,0.065433241,0.066766113,0.459926993,0.121946052,76.10754395,0,82.18888855,81.81378937,186.6777649,0.791266799,181.0186768,181.3505554,98.06554413,129.1776123,91.99347687,1.740645289,0,0.595768452,0.4115358,0.172754481,0.003814643,0.002594842,72.29697418,36.85429001,69.73309326,71.79421234,61.08987808,74.07125854,74.59739685,183.2631226,183.5608521,192.4837036,182.8547974,183.3084717,182.4522858,182.7632294
1/28/2017 21:30,3.238743067,20.24227524,-0.643693686,973.8204956,0.028129421,0.020740302,0.170745254,0.00061037,0.101706199,-0.01662145,0.050124552,0.058129027,0.046513192,0.416726798,0.265492737,75.6127243,0,79.29444885,79.60030365,184.9738312,0.78756994,179.7830505,181.2460022,97.88183594,128.7948303,91.88076782,1.721410513,0,0.573465765,0.428489089,0.228886709,0.001024809,0.000697107,72.29914856,36.81990814,69.7336731,71.82473755,61.20819473,74.06362915,74.59710693,183.0378571,183.1696167,192.0899811,182.5138245,182.9696655,182.0433655,182.3607788
1/28/2017 22:00,3.769201517,23.72820282,-0.584667444,966.77948,0.04791715,0.04171811,0.178562954,0.001804929,0.07745827,-0.015097501,0.045509841,0.03639612,0.022628438,0.350417852,0.232409224,75.99029541,0,79.18222046,80.26888275,184.0982819,0.783873141,175.3500824,179.4750519,97.82062531,129.0379333,90.61079407,1.713098526,0,0.559442222,0.445442408,0.018216856,0.126763165,0.010663098,72.30131531,36.78552246,69.7342453,71.8628006,61.32651138,74.05599976,74.59794617,182.8125763,182.7783966,191.6962738,182.1728363,182.6308441,181.6344299,181.9583282
1/28/2017 22:30,4.299659729,23.51075554,-0.525641263,959.7384033,0.067704879,0.06269592,0.186380655,0.001831111,0.066171639,-0.01162214,0.018795876,0.033323526,0.04334493,0.494169503,0.184875861,75.70018768,0,79.80123138,80.8142395,186.4959717,0.780176282,180.6733398,178.539978,99.17208099,124.9415741,86.65023041,1.721760154,0,0.764966369,0.462395698,0.016200496,0.12645869,0.01017281,72.30348206,36.75114059,69.73482513,71.90086365,61.44482803,74.04837799,74.59877777,182.2991486,182.3871613,191.3025513,181.8318481,182.292038,181.2255096,181.5558777
1/28/2017 23:00,4.830118179,20.45688629,-0.466615081,952.6973877,0.087492608,0.083673723,0.194198355,0.001609189,0.085989222,-0.016835351,0.04287133,0.049090698,0.016407287,0.391887724,0.150745451,75.88722992,0,79.0842514,79.30450439,184.9613495,0.776479423,182.5230865,179.7987518,99.15306091,129.2020416,87.0957489,1.730421901,0,1.369972825,0.479348987,0.014184135,0.126154214,0.009682524,72.30565643,36.71675491,69.73540497,71.9389267,61.56314468,74.0407486,74.59960938,181.4431915,182.0288391,190.9564056,181.4888916,181.9647522,180.8800507,181.2279663
1/28/2017 23:30,5.36057663,44.34869385,-0.407588869,945.656311,0.107280344,0.104651533,0.202016041,0.001831111,0.083827727,-0.015314473,0.04688089,0.060371429,0.035732094,0.39572683,0.193352684,75.42461395,0,79.02580261,80.79627991,182.7275085,0.772782564,176.7191162,181.7676697,99.35688019,127.3395462,84.31871796,1.739083529,0,0.01289916,0.496302307,0.012167775,0.125849739,0.009192238,72.30782318,36.68237305,69.73597717,71.97698975,61.68146133,74.0331192,74.60044861,180.8187866,181.7559357,190.707489,181.1425018,181.6660309,180.6592102,181.0055084
1/29/2017 0:00,5.89103508,61.69481277,-0.348562688,1021.729126,0.127068073,0.125629336,0.209833741,0.001831111,0.086187854,-0.014950472,0.039208692,0.039614424,0.104523502,0.550135314,0.238419011,75.48622894,0,78.51231384,80.03331757,185.5312347,0.769085705,179.0679474,181.7908173,98.56654358,127.7876129,84.85337067,1.747745275,0,0.165972486,0.513255596,0.010151415,0.125545263,0.008701951,72.30999756,36.64798737,69.73655701,72.0150528,61.7997818,74.02548981,74.60128021,183.7839203,181.6095428,193.5222626,184.0508575,181.6519928,183.2347412,184.083313
1/29/2017 0:30,6.42149353,64.41608429,-0.289536476,1145.865356,0.146855801,0.146607146,0.217651442,0.0004338,0.050746705,-0.01776449,0.053946339,0.065355025,0.056077898,0.577238977,0.221210822,75.49015045,0,78.7960434,80.13303375,185.7479553,0.765388846,178.6390839,178.1441803,96.68886566,127.6537704,85.98208618,1.756407022,0,0.319045812,0.530208886,0.008135055,0.125240788,0.008211665,72.31216431,36.6136055,69.73713684,72.05311584,61.91809845,74.01786804,74.60211182,188.1712952,183.8814545,197.9263916,188.3045349,185.6401367,187.4087067,188.2622223
1/29/2017 1:00,6.951951981,67.70303345,-0.23051028,1270.001587,0.16664353,0.167584956,0.225469127,0.00099164,0.117609769,-0.017939508,0.075902693,0.043184165,0.018705226,0.342567801,0.285208941,75.4092865,0,79.74847412,79.40634918,185.58255,0.761691988,181.28479,180.2977905,95.46999359,129.0676575,87.79460144,1.76506865,0,0.472119153,0.547162175,0.006118695,0.12493632,0.007721378,72.31433105,36.57921982,69.73771667,72.09117889,62.0364151,74.01023865,74.60295105,192.55867,186.1533661,202.3305359,192.5582275,189.6282959,191.5826721,192.4411316
1/29/2017 1:30,7.482410431,70.68518829,-0.171484083,1394.137939,0.186431259,0.188562766,0.233286828,0.00154948,0.117022619,-0.013887309,0.060636099,0.080559902,0.070560589,0.496432632,0.260439605,76.37142181,0,79.62617493,79.84882355,186.1652222,0.757995129,180.7228088,180.448761,96.21826172,128.2090607,85.63944244,1.773730397,0,0.625192463,0.564115524,0.004102335,0.124631852,0.007231092,72.31650543,36.54483795,69.73828888,72.12924194,62.15473175,74.00260925,74.60378265,196.9460449,188.8959808,206.7346649,196.8119049,193.6164398,195.7566376,196.6200562
1/29/2017 2:00,8.012868881,73.57377625,-0.112457894,1518.27417,0.206218988,0.209540576,0.241104528,0.00122074,0.098675504,-0.003095208,0.066034615,0.063568056,0.063860916,0.423238158,0.301801443,75.07732391,0,80.24307251,81.19200134,184.7464752,0.754298329,177.7853088,183.4171143,94.78204346,128.4814758,86.25055695,1.782392025,0,0.85789609,0.581068814,0.002085975,0.124327376,0.006740806,72.31867218,36.51045227,69.73886871,72.16730499,62.2730484,73.99498749,74.60461426,200.8258362,192.8025818,211.1387939,201.0655823,197.6045837,199.930603,200.7989655
1/29/2017 2:30,8.543327332,81.10219574,-0.053431693,1642.4104,0.080036566,0.230518371,0.248922229,0.007193886,0.099168979,0.007696892,0.059563614,0.08045122,0.130323276,0.369836509,0.484675765,75.95867157,0,80.36455536,80.40530396,185.3248596,0.75060147,177.2206726,179.8843994,92.10897827,125.7739639,87.19011688,1.791053772,0,0.501081526,0.598022103,6.96E-05,0.124022901,0.006250519,72.32083893,36.4760704,69.73944855,72.20536804,62.39136505,73.98735809,74.60545349,203.9976807,196.7091827,215.1951904,205.2093658,201.5927277,204.1668701,205.2736664
1/29/2017 3:00,170.1833801,68.11965179,20.52786446,2764.733398,10.67993641,0.288858682,9.674147606,6.944077492,0.181189284,0.001427692,0.061074115,0.089671873,0.047202803,0.506569445,0.336825728,81.57262421,0,91.52748871,85.26859283,189.5694122,0.746904612,192.4957886,169.1444397,90.24264526,125.6723557,90.43423462,50.58010864,20.01449585,34.70439148,15.14767551,56.24663925,0.123718433,0.019750981,72.32301331,36.44168472,69.74002075,72.24342346,62.5096817,73.9797287,74.6062851,219.2881927,200.6157837,232.599762,222.9379883,207.3152771,219.3339233,220.1051025
1/29/2017 3:30,211.3636475,69.10562897,14.8660841,2887.795166,14.22323895,0.405999273,12.54741764,8.883831978,0.175270364,-0.011831839,0.081556298,0.079408124,0.092621222,0.479857504,0.185690835,82.46593475,0,90.01901245,86.52324677,185.0011597,0.743207753,178.9051361,182.20047,89.91753387,123.5230789,89.22961426,50.57440186,30.15144157,29.67312813,15.01253319,54.75389481,0.123413958,0.029085649,72.32518005,36.40730286,69.74060059,72.28148651,62.62799835,73.97210693,74.6071167,220.7564087,205.5153351,231.9302521,221.4073792,215.290863,221.6034241,222.0366974
1/29/2017 4:00,225.5623627,67.80693054,14.95373726,3038.163086,15.1504488,0.495510817,13.33799839,9.582857132,0.178225428,0.012574189,0.108857729,0.100803673,0.06318932,0.549316227,0.36985448,81.6624527,0,90.05547333,86.26554871,182.8422699,0.739510894,184.1480713,176.8900909,89.35650635,118.6338425,87.80214691,58.96281052,40.12115479,29.63001251,29.48924828,50.7964592,0.123109482,0.03842032,72.32735443,36.37291718,69.74118042,72.31954956,62.746315,73.96447754,74.60795593,222.8875427,211.2585602,233.4648895,222.7966919,218.3407135,221.983139,223.2140198
1/29/2017 4:30,224.6014099,69.50254822,15.04139042,3051.165527,15.21450043,0.472494304,13.4780674,9.501412392,0.20332621,0.01447998,0.067744531,0.070561081,0.093534522,0.520560384,0.293445468,81.57881927,0,89.89167786,86.40500641,180.9405823,0.735814035,186.5548553,182.2996826,91.42419434,119.1910324,85.70517731,63.06411743,36.96901703,26.28105545,8.097261429,43.76763916,0.122805014,0.047754988,72.32952118,36.33853531,69.74175262,72.35761261,62.86463165,73.95684814,74.60878754,222.8834991,216.0577698,232.5478668,222.0157318,220.0124969,222.0785065,222.683609
1/29/2017 5:00,261.0042419,71.1676178,17.26668167,3085.434814,17.62125206,0.793130875,15.38884544,11.03893661,0.208947018,-0.009513796,0.08433383,0.106572151,0.131428584,0.528683484,0.282884628,81.26834106,0,89.48553467,86.61207581,188.1317139,0.732117176,182.6038971,172.8587036,88.20957184,120.6993256,88.77495575,59.71455765,39.69185638,4.192610264,3.151859522,48.85644913,0.122500539,0.05708966,72.33168793,36.30414963,69.74233246,72.39567566,62.9829483,73.94922638,74.60961914,218.1891022,218.1973114,231.4316711,221.2347717,220.5888672,221.5874481,222.2064514
1/29/2017 5:30,253.6244049,78.43088531,23.0953064,3091.689453,17.1551342,0.722351134,14.90363884,10.74929523,0.246277049,0.073766939,0.137049541,0.169313192,0.083332665,0.491195649,0.286519349,81.58036804,0,90.22407532,88.9214325,188.116806,0.728420317,179.9383392,187.0626984,88.39024353,122.7585449,87.88257599,59.68663025,39.73326111,4.088627338,3.075858355,49.24597549,0.122196063,0.066424333,72.3338623,36.26976776,69.74291229,72.43373871,63.10126877,73.94159698,74.61045837,220.3403931,220.1932678,233.4749756,223.0536194,221.1652374,222.948761,223.285965
1/29/2017 6:00,245.7447968,76.96082306,20.62033272,3058.120361,16.62423706,0.737003922,14.74837303,10.40900803,0.182998985,-0.002096443,0.097983785,0.071453214,0.063800819,0.559578121,0.233343825,81.69504547,0,89.92159271,87.15953064,186.3118439,0.724723518,184.912796,183.9995728,87.73284912,123.1170959,88.24623871,59.65870667,39.81024551,3.984644175,2.999857187,48.62332916,0.121891595,7.976354122,72.33602905,36.23538208,69.74349213,72.47180176,63.21958542,73.93396759,74.61128998,219.8091583,220.5288239,233.2568512,223.1603241,221.2361145,223.28508,223.9271851
1/29/2017 6:30,244.2397919,68.31488037,18.56096268,3044.808105,16.7354641,0.720652044,14.71907043,10.39806461,0.16993925,0.008389309,0.093769267,0.137698993,0.079211354,0.580459595,0.432183444,82.09764099,0,89.39993286,88.08298492,175.1360779,0.721026659,178.0653076,179.5531311,89.10171509,118.9923706,87.09147644,59.63077927,39.94786453,3.880661011,2.923856258,48.76355362,0.12158712,7.975473881,72.33820343,36.20100021,69.74406433,72.50986481,63.33790207,73.9263382,74.61212158,219.2819824,220.8643646,232.6832123,222.6177979,221.0147095,222.8298798,223.7642059
1/29/2017 7:00,247.6451569,66.17686462,18.42658615,3052.562012,16.740345,0.70571208,14.68976879,10.36083508,0.159844637,-0.003002928,0.118279956,0.082086101,0.068934537,0.548848629,0.1684414,81.9370575,0,90.04941559,88.34742737,183.7211914,0.7173298,178.1976471,173.5744019,87.29359436,114.7526169,83.24084473,59.60285568,39.69718933,3.776677847,2.847855091,48.03697968,0.121282645,7.974594116,72.34037018,36.16661453,69.74464417,72.54792786,63.45621872,73.91871643,74.61296082,219.2436829,221.1999207,232.1095734,222.0752716,220.7932892,222.3746948,223.6012268
1/29/2017 7:30,251.5405273,68.94458771,18.29220963,3060.315918,17.00425911,0.922448456,14.95210743,10.69996166,0.211229891,-0.004290317,0.079960719,0.128759071,0.104384497,0.602762043,0.28787303,81.32112122,0,89.44340515,87.37818909,187.3012238,0.713632941,179.2919617,187.2656555,90.93408203,117.5460129,81.41284943,59.5749321,40.08985901,14.07535553,2.771853924,44.96496964,0.120978177,11.96566486,72.34253693,36.13223267,69.745224,72.58599091,63.57453537,73.91108704,74.61379242,219.4179688,221.5354614,231.5094452,221.5578308,220.5718842,221.9194946,223.9135437
1/29/2017 8:00,251.756485,68.68418121,18.1578331,3068.069824,16.97291756,0.887875438,14.96436501,10.67388248,0.229361221,0.01487525,0.102949299,0.123299249,0.149283797,0.775123835,0.384061426,80.72433472,0,88.3846817,87.32207489,182.6986694,0.709936082,185.8875122,184.3856049,87.45170593,117.0667572,84.11595154,59.5470047,40.04013824,14.94739151,2.695852757,44.92616272,0.120673701,12.01225853,72.3447113,36.09784698,69.7457962,72.62405396,63.69285202,73.90345764,74.61462402,218.6920929,221.8710175,230.9086609,221.0405273,220.3504791,221.4643097,222.7874908
1/29/2017 8:30,251.9724426,66.16004944,18.02345657,3073.524902,16.99489594,0.863585949,14.97662258,10.69784355,0.172866464,0.005805478,0.101825729,0.095775671,0.071213983,0.561581194,0.19158268,81.42848206,0,89.26554871,87.33124542,187.5511169,0.706239223,182.6448669,184.6400452,89.44907379,114.5405502,81.56298828,59.51908112,40.05133438,14.98781586,2.619851589,44.88070679,0.120369226,11.97625542,72.34687805,36.06346512,69.74637604,72.662117,63.81116867,73.89583588,74.61546326,217.735321,222.2065582,230.3078918,220.7159271,220.1290741,221.1461029,221.9586182
1/29/2017 9:00,252.1884003,70.00341797,17.88907814,3073.510986,16.9950676,0.839607537,14.98888016,10.69253635,0.163945004,0.042277887,0.13406305,0.086547546,0.074183978,0.590927422,0.353157848,81.81375122,0,89.22494507,88.18106842,185.1484528,0.702542365,184.5873718,183.1005554,87.45516205,120.0956802,85.4664917,59.49115372,39.82093811,15.0282402,2.54385066,45.24798203,0.120064758,11.97518444,72.3490448,36.02907944,69.74695587,72.70018005,63.92948532,73.88820648,74.61629486,216.8849335,222.1383209,230.604248,220.7962646,220.0948181,221.1038361,221.3880005
1/29/2017 9:30,252.4043579,68.13280487,17.75470161,3073.49707,16.95590401,0.81175369,15.00113773,10.67998028,0.185161337,0.046090771,0.149812207,0.17028667,0.090610906,0.587399244,0.288198501,80.37036896,0,88.924263,87.19158173,180.2161102,0.698845506,183.1462097,184.2098236,90.74378204,118.0266342,87.60357666,59.46323013,39.91068649,15.06866455,2.467849493,45.38124466,0.119760282,12.00019169,72.35121918,35.99469757,69.74753571,72.7382431,64.04780579,73.88057709,74.61712646,216.8296661,222.0444794,230.9782257,220.8765869,220.2767181,221.0615692,221.8477173
1/29/2017 10:00,258.1889038,67.28759003,17.67672157,3073.483154,17.17942047,0.809615135,15.01339531,10.70380116,0.275936216,0.157220364,0.189149261,0.220114574,0.172309592,0.569614828,0.274365574,81.91841888,0,89.11268616,87.91952515,178.7533569,0.695148706,177.8468628,175.8701935,87.3258667,121.7852478,90.18627167,59.43530655,39.9341011,15.10908985,2.391848326,45.59130096,0.119455814,12.0493021,72.35338593,35.96031189,69.74810791,72.77629852,64.16612244,73.87295532,74.6179657,217.4917908,221.9506531,231.3522186,221.0919342,220.4586182,221.2602997,222.7329102
1/29/2017 10:30,262.9673767,64.71354675,17.8379097,3073.832275,17.17031097,0.813429177,15.02565384,10.66816998,0.231797516,-0.004449967,0.10724172,0.127151698,0.078654043,0.686942041,0.25145492,81.20117188,0,89.59577942,89.25473022,187.3927612,0.691451848,178.3064117,179.0593872,88.99365997,119.4216232,87.58413696,59.40737915,39.69987106,15.1495142,2.315847158,44.85401917,0.119151339,11.97974586,72.3555603,35.92593002,69.74868774,72.81436157,64.28443909,73.86532593,74.6187973,218.6300201,221.8568115,231.5898895,221.5123901,220.6364746,221.7920685,223.6180878
1/29/2017 11:00,264.5510864,67.01570892,17.99909592,3075.101074,16.98844337,0.836702287,15.03791142,10.70617676,0.220360294,-0.009364747,0.127952486,0.111201145,0.069782972,0.748318613,0.310508549,81.18437958,0,89.14056396,88.37659454,183.1564789,0.687754989,174.8553314,181.1526642,88.43906403,119.9438171,90.49615479,59.37945557,40.34500885,15.18993855,2.239845991,44.93127441,0.118846864,12.00026608,72.35772705,35.89154434,69.74926758,72.85242462,64.40275574,73.85769653,74.61962891,219.5482635,221.7629852,231.8266602,221.9328461,220.7673492,222.3238373,223.8935547
1/29/2017 11:30,265.2442322,65.05806732,18.16028404,3076.369873,16.96745491,0.84874326,15.05016899,10.68247318,0.149341047,-0.009079301,0.108677715,0.138150811,0.094591044,0.587056398,0.2548289,81.6969223,0,89.24904633,87.18051147,179.4488983,0.68405813,180.7910919,176.7606354,87.98647308,119.2757263,89.1785202,59.35152817,39.91042709,15.23036385,2.163844824,45.01099777,0.118542396,11.9707222,72.3598938,35.85716248,69.74983978,72.89048767,64.52107239,73.85007477,74.62046814,219.522995,221.7531281,232.0634155,222.353302,220.8982239,222.8556061,223.7332306
1/29/2017 12:00,265.9373779,68.10801697,18.32147217,3077.638428,16.96838188,0.853715718,15.06242657,10.67530155,0.243031815,0.00286967,0.07307069,0.108454086,0.106999546,0.453423947,0.374076813,80.62737274,0,89.87246704,85.92289734,189.6144714,0.680361271,177.2277679,183.8842621,89.21303558,123.3602066,90.25683594,59.32360458,40.06702423,15.27078819,2.087843895,45.03245926,0.11823792,11.93745995,72.36206818,35.82277679,69.75041962,72.92855072,64.63938904,73.84244537,74.62129974,219.4977264,221.823822,232.3001709,222.7737579,221.0290985,222.9726105,223.5728912
1/29/2017 12:30,266.6305237,66.82968903,18.48265839,3078.907227,16.99848938,0.852380931,15.07468414,10.69503307,0.189901456,0.098559313,0.154539838,0.161477327,0.174827233,0.66343379,0.369146764,81.63568878,0,89.6206665,88.1893692,184.6378326,0.676664412,177.7870331,191.9716492,89.67316437,121.8496857,89.71767426,59.29567719,39.83263016,15.31121254,2.011842728,45.32293701,0.117933445,11.96800232,72.36423492,35.78839493,69.75099945,72.96661377,64.75770569,73.83481598,74.62213135,219.2457123,221.894516,232.5369415,222.8177948,221.1599731,222.9402161,223.4125671
1/29/2017 13:00,267.0220337,64.85082245,18.64384651,3080.176025,16.98773193,0.850995481,15.08694172,10.69342136,0.190306395,0.02142203,0.105569616,0.144092724,0.098367132,0.607664824,0.375937939,82.15765381,0,89.81652069,86.7177124,183.3748322,0.672967553,175.9771423,190.5775452,86.35202789,119.5098038,89.47553253,59.2677536,39.84426498,15.35163689,1.93584156,45.22174454,0.117628977,12.01243591,72.3664093,35.75400925,69.75157166,73.00467682,64.87602234,73.82718658,74.62297058,218.9197845,221.96521,232.5767975,222.7373657,221.2908478,222.9078217,223.3286591
1/29/2017 13:30,266.6443176,65.08174896,18.80503273,3081.44458,16.97697449,0.84961009,15.09920025,10.68423939,0.268533289,0.019899791,0.142301142,0.1386583,0.083710752,0.646812081,0.435411483,81.08139038,0,89.31993103,87.56100464,186.8206787,0.669270694,185.4069366,184.5583649,86.36077881,119.7498322,88.6418457,59.23983002,39.83704758,15.39206219,1.892365217,45.32102966,0.117324501,11.98346996,72.36857605,35.71962738,69.75215149,73.04273987,64.99433899,73.81956482,74.62380219,218.6312256,222.0359039,232.5989685,222.6569366,221.4217224,222.8754425,223.3223877
1/29/2017 14:00,266.2666016,64.11691284,18.96622086,3082.713379,16.96621895,0.848224699,15.11145782,10.6641264,0.156787694,-0.00823816,0.09296944,0.086076669,0.081337355,0.558296978,0.261344075,81.77835083,0,89.29272461,86.29458618,182.4791107,0.665573895,179.2891998,183.1031494,88.95027161,117.5468597,86.74038696,59.21190262,39.84051514,15.43248653,1.870480299,45.23537445,0.117020026,11.96291447,72.3707428,35.6852417,69.75273132,73.08080292,65.11265564,73.81193542,74.62463379,218.4373169,222.1065979,232.6211395,222.5765228,221.5724182,222.8430481,223.3161316
1/29/2017 14:30,265.8888855,63.61069489,19.12740898,3083.982178,16.9554615,0.827446163,15.1237154,10.68613148,0.191246718,0.006558561,0.112863697,0.083961688,0.086012997,0.601186574,0.352492094,81.31072235,0,89.98254395,86.44688416,188.5786438,0.661877036,185.4199677,185.1879425,87.42428589,119.1093445,87.26787567,59.18397903,40.22424316,15.47291088,1.8485955,45.14326096,0.116715558,12.02896976,72.37291718,35.65085983,69.75331116,73.11886597,65.23097229,73.80430603,74.62547302,218.4033661,222.1772919,232.6433258,222.4960938,221.7749939,222.8106537,223.3098755
1/29/2017 15:00,265.5111694,63.80011749,19.2885952,3085.250977,16.92555046,0.793516338,15.13597298,10.63922596,0.22663334,0.00558721,0.078156017,0.092290118,0.056216661,0.600092232,0.210066006,81.00186157,0,89.34689331,87.1832428,183.3074799,0.658180177,182.5753326,179.5399628,87.63227081,117.137352,86.78446198,59.15605164,39.82835007,15.51333523,1.826710582,45.15119934,0.116411082,12.03240108,72.37508392,35.61647415,69.75388336,73.15692902,65.34928894,73.79668427,74.62630463,218.4596558,222.2479858,232.6654968,222.4156647,221.9775543,222.7782593,223.3036194
1/29/2017 15:30,273.0376587,66.35743713,19.44978333,3085.404297,17.49057198,0.764204323,15.3468523,10.98832321,0.208385423,0.007280422,0.146649972,0.1648902,0.127252355,0.532964289,0.429081559,81.23563385,0,89.61222839,87.69480896,184.8937683,0.654483318,181.0600739,183.0711823,88.36560059,119.7045212,87.22579956,59.12812805,39.83148956,19.94930649,1.804825783,43.69011688,0.116106607,11.96279144,72.37725067,35.58209229,69.7544632,73.19499207,65.46760559,73.78905487,74.62713623,218.8666992,222.3186798,232.6876678,222.3499146,222.1801147,222.7458649,223.3171844
1/29/2017 16:00,272.807373,66.59410858,20.86068153,3078.592285,17.50426483,0.734892309,15.33114147,11.02948284,0.15892224,-0.011821306,0.052762359,0.124092855,0.11765755,0.551255822,0.642013073,80.85396576,0,89.72203064,89.0827179,185.1908722,0.650786459,175.7120819,188.478775,91.73323059,121.2526321,85.46089935,59.10020065,39.90636444,19.95428276,1.782940984,43.84456253,0.115802139,12.01805973,72.37942505,35.5477066,69.75504303,73.23305511,65.58592224,73.78142548,74.62797546,220.1014404,222.3893738,232.7452545,222.4797821,222.3826904,222.9312134,223.4665985
1/29/2017 16:30,272.5770569,67.64752197,25.05930519,3071.780029,17.61362839,0.705580294,15.31542969,11.07678795,0.239642069,0.016882712,0.134869143,0.102060683,0.11922089,0.458251953,0.486938626,82.30328369,0,90.26699066,88.52392578,183.5584412,0.647089601,180.7853546,185.1714935,91.35382843,121.5973053,86.44664001,59.07227707,39.9643364,19.95925903,1.761056066,44.14286804,0.115497664,12.05634117,72.3815918,35.51332474,69.75561523,73.27111816,65.70423889,73.77380371,74.62880707,220.3916321,222.4600677,232.8096924,222.6096344,222.4585724,223.1260834,223.6160278
1/29/2017 17:00,272.3467712,66.79679871,25.58820152,3069.423828,17.7291851,0.73127979,15.4449234,11.05998707,0.294038385,0.027897276,0.128656849,0.168265641,0.097206689,0.45927453,0.346170872,80.95662689,0,90.67058563,88.27362061,182.8045197,0.643392742,178.663147,182.8127899,90.43740082,119.0456238,83.88967133,59.04435349,40.33191299,19.96423721,1.739171267,43.38763428,0.115193188,12.16872978,72.38376617,35.47893906,69.75619507,73.30917358,65.82255554,73.76617432,74.62963867,220.1832428,222.5307617,232.8741302,222.739502,221.9898987,223.3209381,223.7654572
1/29/2017 17:30,272.1164551,66.627388,26.11709785,3084.601318,17.75840759,0.761486709,15.54097176,11.08067131,0.185823292,0.005849704,0.075175382,0.089246325,0.135805711,0.491495311,0.431843281,82.32124329,0,89.63314819,88.36515808,183.7623444,0.639695883,179.2445221,186.3053284,89.25943756,119.7666626,85.44102478,59.01642609,40.07268143,19.96921349,1.717286348,43.57779312,0.11488872,12.0267458,72.38593292,35.44455719,69.7567749,73.34723663,65.94087219,73.75854492,74.63047791,219.5905457,222.6014557,231.6903992,221.681366,221.521225,222.0322723,222.7626495
1/29/2017 18:00,271.743927,63.17034912,36.68989563,3080.270508,18.13452148,0.73669678,15.70629215,11.29825783,0.210643798,0.061687332,0.10689418,0.149625555,0.088141359,0.550659835,0.286556631,82.59512329,0,90.34405518,88.43506622,179.5579376,0.635999024,186.1777191,178.1457214,88.2359848,114.6253967,83.52445984,58.9885025,40.17506027,19.97418976,1.695401549,44.42988586,0.114584245,11.95777416,72.38809967,35.41017151,69.75734711,73.38529968,66.05918884,73.75092316,74.63130951,216.8741455,222.6721497,228.909317,218.8828735,221.0525513,219.6104126,220.1476135
1/29/2017 18:30,271.2917175,66.21231842,32.33848953,3031.730713,18.11345863,0.71190685,15.71536922,11.27536869,0.182280079,0.042420294,0.058315933,0.106505558,0.074747473,0.622709334,0.298098475,82.1452713,0,90.17626953,87.42484283,182.8564606,0.632302225,175.3861237,190.2747192,88.42822266,117.9614487,83.78894806,58.9605751,40.09247589,19.97916603,1.67351675,44.49642563,0.114279777,12.0513773,72.39027405,35.37578964,69.75792694,73.42336273,66.17750549,73.74329376,74.63214111,212.853302,222.2809143,226.5444641,216.665802,218.9843445,217.234848,217.7825012
1/29/2017 19:00,270.8395386,65.25154114,28.06022453,3025.063477,18.09239578,0.687116921,15.72444725,11.26309395,0.214792281,0.007957583,0.075860016,0.092435263,0.074139692,0.632545054,0.376196742,82.70333099,0,89.18428802,87.60703278,185.8733368,0.628605366,178.7417145,177.3070221,90.75772858,114.7604828,82.57105255,58.93265152,39.64577103,19.98414421,1.651631832,44.00156021,0.113975301,11.95769596,72.3924408,35.34140396,69.75850677,73.46142578,66.29582977,73.73566437,74.63298035,211.0242004,220.9577942,224.4176178,215.1233978,216.7432251,215.3151093,216.6180115
1/29/2017 19:30,270.3873596,64.5905304,27.62304688,3039.421875,18.07133484,0.682001948,15.73352528,11.25509739,0.180054143,0.036855668,0.094395012,0.124721579,0.116238832,0.642377973,0.563613772,82.16400909,0,89.08496857,87.48722076,175.5918579,0.624908507,184.4385223,184.287262,86.57221985,113.7555771,83.52393341,58.90472412,40.1261673,19.98912048,1.629747033,44.29801941,0.113670826,12.02973938,72.39461517,35.30702209,69.75908661,73.49948883,66.41414642,73.72803497,74.63381195,210.8571167,219.6346588,225.02565,215.183609,214.7904205,215.7530823,216.4628754
1/29/2017 20:00,273.3363342,64.91556549,27.18586922,3053.780273,18.05027199,0.710926533,15.7426033,11.26675606,0.220810339,0.011757095,0.073918536,0.090530276,0.093655303,0.70683831,0.346214771,82.35820007,0,89.70771027,87.67404938,183.5723877,0.621211648,184.0325775,186.8678589,88.83627319,113.7900696,83.65368652,58.87680054,40.10523224,19.99409676,1.607862115,45.01253891,0.113366358,12.00737,72.39678192,35.27263641,69.75965881,73.53755188,66.53246307,73.72041321,74.63464355,210.690033,218.3115234,225.6336823,215.7995453,215.1797485,216.1910706,216.9024963
1/29/2017 20:30,271.473999,65.79421997,24.11546326,3068.138672,18.02920914,0.739851177,15.75168037,11.26340389,0.297768116,0.069070488,0.145664036,0.191230267,0.163466871,0.609581828,0.440872639,81.24064636,0,89.83396912,88.29932404,186.7087097,0.617514789,179.9180908,179.6668091,88.3973465,115.657074,82.15220642,58.84887695,40.01083374,19.99907303,1.585977316,44.73722076,0.113061883,12.0191021,72.39894867,35.23825455,69.76023865,73.57561493,66.65077972,73.71278381,74.63548279,212.4167328,216.9884033,226.2808533,216.4684753,215.5690918,216.7424927,218.3127899
